,pillar,wins,losses,win_perc,loss_perc
0,0,484572,470239,0.5075056738977661,0.49249432610223387
1,1,2173045,2111687,0.507160074422391,0.49283992557760903
