,matchup,pillar,wins,losses,games,win_perc,loss_perc,binom_test
0,PvT,0,159238,142263,301501,0.5281508187369196,0.4718491812630804,1.0
1,PvT,1,730139,640118,1370257,0.5328482175241579,0.4671517824758421,1.0
2,PvZ,0,148197,154297,302494,0.48991715538159436,0.5100828446184056,1.0
3,PvZ,1,663941,712724,1376665,0.4822821819396876,0.5177178180603124,1.0
4,TvZ,0,177137,173679,350816,0.5049285095320624,0.49507149046793764,1.0
5,TvZ,1,778965,758845,1537810,0.5065417704397812,0.4934582295602188,1.0
